context,risks,recommendations
"Service Agreement
This Service Agreement (""Agreement"") is made and entered into on December 17, 2024, by and between:
1. Jane Doe Enterprises, a corporation organized under the laws of the State of California, having its principal place of business at 123 Elm Street, San Francisco, CA 94102, hereinafter referred to as the ""Service Provider,""
AND
2. ABC Solutions LLC, a limited liability company having its registered office at 456 Pine Avenue, Los Angeles, CA 90017, hereinafter referred to as the ""Client.""
Recitals
WHEREAS, the Client desires to engage the Service Provider to perform certain services as outlined in this Agreement; and
WHEREAS, the Service Provider agrees to provide such services in accordance with the terms and conditions set forth herein.
NOW, THEREFORE, in consideration of the mutual covenants and promises contained herein, the parties agree as follows:
1. Services","**

* **Unclear Service Scope**: The service agreement does not clearly define the scope of work, which may lead to misunderstandings and disputes between the parties.
* **Lack of Timelines and Milestones**: The agreement does not specify deadlines or milestones, making it challenging to track progress and measure success.
* **Insufficient Payment Terms**: The agreement may not clearly outline the payment schedule, amount, and method, which can lead to financial disputes and delays.
* **Limited Liability Protection**: The agreement may not provide adequate protection for the Service Provider in case of unforeseen circumstances or disputes.
* **Intellectual Property Rights**: The agreement may not clearly address ownership and usage rights for intellectual property created during the service provision.
* **Termination and Cancellation**: The agreement may not outline clear procedures for termination or cancellation, which can lead to disputes and financial losses.

**","**

* **Clearly Define Service Scope**: The agreement should include a detailed description of the services to be provided, including specific tasks, deliverables, and timelines.
* **Establish Clear Deadlines and Milestones**: The agreement should outline specific deadlines and milestones to track progress and measure success.
* **Define Payment Terms**: The agreement should clearly outline the payment schedule, amount, and method to avoid financial disputes.
* **Include Liability Protection**: The agreement should include provisions that protect the Service Provider from unforeseen circumstances or disputes, such as liability caps or indemnification clauses.
* **Address Intellectual Property Rights**: The agreement should clearly outline ownership and usage rights for intellectual property created during the service provision, including patents, trademarks, and copyrights.
* **Establish Clear Termination and Cancellation Procedures**: The agreement should outline specific procedures for termination or cancellation, including notice periods, penalties, and dispute resolution mechanisms."
"1. Services
The Service Provider agrees to provide the following services (collectively referred to as the ""Services""):
1.1 Development of a custom software solution tailored to the Client’s needs.
1.2 Regular updates and maintenance for a period of twelve (12) months from the date of completion.
1.3 Training sessions for the Client’s team on the software's functionality.
2. Payment Terms
2.1 The Client agrees to pay the Service Provider a total of $50,000 (Fifty Thousand USD), payable in the following installments:
- $15,000 upon signing this Agreement.
- $20,000 upon delivery of the first prototype.
- $15,000 upon final project delivery.
2.2 All payments shall be made via electronic transfer to the Service Provider’s designated account.
3. Confidentiality
3.1 Both parties agree to maintain the confidentiality of all proprietary or sensitive information exchanged during the course of this Agreement.","**

* **Non-completion of the project**: The Service Provider may fail to deliver the custom software solution, which could lead to financial losses for the Client.
* **Delays in delivery**: The Service Provider may experience delays in delivering the software solution or training sessions, which could impact the Client's business operations.
* **Inadequate training**: The training sessions provided by the Service Provider may not be effective, leading to frustration and decreased productivity among the Client's team members.
* **Confidentiality breaches**: The Service Provider or the Client may compromise the confidentiality of sensitive information exchanged during the course of the Agreement.
* **Payment disputes**: The Client and the Service Provider may have disagreements over payment installments or the final project delivery, leading to disputes and potential litigation.
* **Changes in business needs**: The Client's business needs may change during the project, requiring adjustments to the scope, timeline, or budget, which could lead to additional costs or delays.

**","**

* **Clearly define project scope and requirements**: Establish a detailed project plan, including timelines, budgets, and deliverables, to ensure that all parties are on the same page.
* **Establish regular communication channels**: Schedule regular meetings and progress updates to ensure that the Client and the Service Provider are aware of any issues or concerns that may arise.
* **Develop a contingency plan**: Create a plan for addressing potential risks and issues, such as delays or non-delivery, to minimize the impact on the Client's business operations.
* **Verify the Service Provider's expertise and track record**: Conduct thorough research on the Service Provider's experience and reputation to ensure that they have the necessary skills and resources to deliver the project on time and on budget.
* **Establish clear payment terms and milestones**: Define specific payment milestones and deadlines to avoid disputes and ensure that the Service Provider is held accountable for their work.
* **Review and update the Agreement regularly**: Regularly review the Agreement to ensure that it remains aligned with the Client's changing business needs and to make any necessary adjustments to the scope, timeline, or budget."
"3.2 This clause shall survive the termination of this Agreement for a period of five (5) years.
4. Term and Termination
4.1 This Agreement shall commence on the effective date and remain in effect until the Services are completed or terminated by either party.
4.2 Either party may terminate this Agreement with thirty (30) days' written notice.
5. Limitation of Liability
5.1 The Service Provider shall not be held liable for any indirect, incidental, or consequential damages arising from the performance of the Services.
6. Governing Law
This Agreement shall be governed by and construed in accordance with the laws of the State of California.
7. Dispute Resolution
7.1 Any disputes arising out of this Agreement shall be resolved through mediation before resorting to litigation.
8. Entire Agreement
This Agreement constitutes the entire understanding between the parties and supersedes all prior agreements, representations, or warranties.
Signatures","**

* The agreement's termination clause may be too short, potentially leaving the parties without a clear resolution if they need to revisit the agreement within five years.
* The lack of specific notice requirements for termination may lead to disputes over whether the required thirty days' written notice has been given.
* The limitation of liability clause may not fully protect the Service Provider, as it only covers indirect, incidental, or consequential damages, potentially leaving other types of damages unprotected.
* The choice of governing law may expose the parties to jurisdiction and regulatory issues if they are not familiar with California laws.
* The dispute resolution clause may lead to delays or increased costs if mediation is not effective in resolving disputes.
* The entire agreement clause may not account for all potential future agreements or amendments, potentially creating confusion or disputes.

**","**

* Consider extending the period during which the agreement survives termination to at least ten years to provide more stability for the parties.
* Clearly define the required notice period and requirements, such as certified mail or email, to avoid disputes over whether the required notice has been given.
* Consider broadening the limitation of liability clause to cover all types of damages, not just indirect, incidental, or consequential damages.
* Consider choosing a more neutral governing law or using international law to minimize jurisdiction and regulatory issues.
* Consider adding a fallback clause to the dispute resolution process, such as arbitration or litigation, in case mediation is not effective.
* Consider adding a clause to specify that any future agreements or amendments will be governed by this agreement and will not supersede it."
"Signatures
IN WITNESS WHEREOF, the parties hereto have executed this Agreement as of the date first above written.
Service Provider:
Jane Doe Enterprises
By: ____________________________
Name: Jane Doe
Title: CEO
Client:
ABC Solutions LLC
By: ____________________________
Name: John Smith
Title: Managing Partner","**

* **Lack of Clear Signatory Authority**: The text only indicates that Jane Doe is the CEO of Jane Doe Enterprises and John Smith is the Managing Partner of ABC Solutions LLC, but it does not confirm whether they have the authority to bind their respective companies to this agreement.
* **Inadequate Signature Verification**: The text does not include a verification process for the signatures, which could lead to disputes or issues if the authenticity of the signatures is questioned.
* **Missing Essential Details**: The text does not include essential details such as the agreement's purpose, scope, terms and conditions, and any warranties or guarantees provided by either party.
* **Potential for Misunderstanding or Misinterpretation**: Without a clear and comprehensive agreement, there is a risk that one or both parties may misunderstand or misinterpret the terms and conditions of the agreement, leading to disputes or conflicts.

**","**

* **Verify Signatory Authority**: Ensure that Jane Doe and John Smith have the authority to bind their respective companies to this agreement by including a statement confirming their authority or requiring a separate letter of authority.
* **Implement Signature Verification Process**: Develop a verification process for the signatures, such as notarization or certification, to ensure the authenticity of the signatures.
* **Include Essential Details**: Include all essential details, such as the agreement's purpose, scope, terms and conditions, and any warranties or guarantees provided by either party, to ensure a clear and comprehensive understanding of the agreement.
* **Develop a Comprehensive Agreement**: Create a comprehensive agreement that includes all necessary terms and conditions, and ensure that both parties understand and agree to the terms before signing the agreement."
